{
    "parent": "item/generated",
    "textures": {
        "layer0": "item/crossbow_standby"
    },
    "display": {
        "thirdperson_righthand": {
            "rotation": [ -90, 0, -60 ],
            "translation": [ 2, 0.1, -3 ],
            "scale": [ 0.9, 0.9, 0.9 ]
        },
        "thirdperson_lefthand": {
            "rotation": [ -90, 0, 30 ],
            "translation": [ 2, 0.1, -3 ],
            "scale": [ 0.9, 0.9, 0.9 ]
        },
        "firstperson_righthand": {
            "rotation": [ -90, 0, -55 ],
            "translation": [ 1.13, 3.2, 1.13],
            "scale": [ 0.68, 0.68, 0.68 ]
        },
        "firstperson_lefthand": {
            "rotation": [ -90, 0, 35 ],
            "translation": [ 1.13, 3.2, 1.13],
            "scale": [ 0.68, 0.68, 0.68 ]
        }
    },
    "overrides": [
        { "predicate": {"custom_model_data":0, "pulling": 1 },  "model": "item/crossbow_pulling_0" },
        { "predicate": {"custom_model_data":0, "pulling": 1, "pull": 0.58 }, "model": "item/crossbow_pulling_1" },
        { "predicate": {"custom_model_data":0, "pulling": 1, "pull": 1.0 }, "model": "item/crossbow_pulling_2" },
        { "predicate": {"custom_model_data":0, "charged": 1 }, "model": "item/crossbow_arrow" },
        { "predicate": {"custom_model_data":0, "charged": 1, "firework": 1 }, "model": "item/crossbow_firework" },

        { "predicate": {"custom_model_data":524465},  "model": "custom/red_laser_gun" },
        { "predicate": {"custom_model_data":524465, "pulling": 1 },  "model": "custom/red_laser_gun" },
        { "predicate": {"custom_model_data":524465, "pulling": 1, "pull": 0.58 }, "model": "custom/red_laser_gun" },
        { "predicate": {"custom_model_data":524465, "pulling": 1, "pull": 1.0 }, "model": "custom/red_laser_gun" },
        { "predicate": {"custom_model_data":524465, "charged": 1 }, "model": "custom/red_laser_gun_2" },
        { "predicate": {"custom_model_data":524465, "charged": 1, "firework": 1 }, "model": "custom/red_laser_gun_2" },


        { "predicate": {"custom_model_data":428973429},  "model": "custom/blue_laser_gun" },
        { "predicate": {"custom_model_data":428973429, "pulling": 1 },  "model": "custom/blue_laser_gun" },
        { "predicate": {"custom_model_data":428973429, "pulling": 1, "pull": 0.58 }, "model": "custom/blue_laser_gun" },
        { "predicate": {"custom_model_data":428973429, "pulling": 1, "pull": 1.0 }, "model": "custom/blue_laser_gun" },
        { "predicate": {"custom_model_data":428973429, "charged": 1 }, "model": "custom/blue_laser_gun_2" },
        { "predicate": {"custom_model_data":428973429, "charged": 1, "firework": 1 }, "model": "custom/blue_laser_gun_2" },

        { "predicate": {"custom_model_data":753115802},  "model": "custom/green_laser_gun" },
        { "predicate": {"custom_model_data":753115802, "pulling": 1 },  "model": "custom/green_laser_gun" },
        { "predicate": {"custom_model_data":753115802, "pulling": 1, "pull": 0.58 }, "model": "custom/green_laser_gun" },
        { "predicate": {"custom_model_data":753115802, "pulling": 1, "pull": 1.0 }, "model": "custom/green_laser_gun" },
        { "predicate": {"custom_model_data":753115802, "charged": 1 }, "model": "custom/green_laser_gun_2" },
        { "predicate": {"custom_model_data":753115802, "charged": 1, "firework": 1 }, "model": "custom/green_laser_gun_2" }
        
    ]
}
