{
    "elements": [
        {
            "name": "Element",
            "from": [4, 1.5, -10.5],
            "to": [13, 7, -5],
            "rotation": {"angle": 22.5, "axis": "x", "origin": [6, 1.5, -10.5]},
            "faces": {
                "north": {"uv": [2.25, 2.25, 3.375, 3], "texture": "#2"},
                "east": {"uv": [0.75, 0, 1.5, 0.75], "texture": "#2"},
                "south": {"uv": [2.25, 1.5, 3.375, 2.25], "texture": "#2"},
                "west": {"uv": [0.75, 2.5, 1.5, 3.25], "texture": "#2"},
                "up": {"uv": [3.875, 0.75, 2.75, 0], "texture": "#2"},
                "down": {"uv": [3.875, 0.75, 2.75, 1.5], "texture": "#2"}
            }
        },
        {
            "name": "Element",
            "from": [4.5, 4, -15],
            "to": [12.5, 8.5, -9.5],
            "rotation": {"angle": 22.5, "axis": "x", "origin": [7, 4, -15]},
            "faces": {
                "north": {"uv": [4.25, 4.25, 5.25, 4.875], "texture": "#2"},
                "east": {"uv": [5.25, 3.875, 6, 4.5], "texture": "#2"},
                "south": {"uv": [2.5, 4.75, 3.5, 5.375], "texture": "#2"},
                "west": {"uv": [2.5, 5.375, 3.25, 6], "texture": "#2"},
                "up": {"uv": [4.875, 0.75, 3.875, 0], "texture": "#2"},
                "down": {"uv": [4.875, 0.75, 3.875, 1.5], "texture": "#2"}
            }
        },
        {
            "name": "Element",
            "from": [5.25, 8, 0],
            "to": [11.75, 14, 3.5],
            "faces": {
                "north": {"uv": [2.5, 4, 3.375, 4.75], "texture": "#2"},
                "east": {"uv": [4.5, 6.25, 5, 7], "texture": "#2"},
                "south": {"uv": [3.375, 4, 4.25, 4.75], "texture": "#2"},
                "west": {"uv": [6.375, 0, 6.875, 0.75], "texture": "#2"},
                "up": {"uv": [6.875, 6.5, 6, 6], "texture": "#2"},
                "down": {"uv": [6.875, 3.875, 6, 4.375], "texture": "#2"}
            }
        },
        {
            "name": "Element",
            "from": [6.25, 11, 3.5],
            "to": [8.25, 13, 29.5],
            "faces": {
                "north": {"uv": [7.5, 5.625, 7.75, 5.875], "texture": "#2"},
                "east": {"uv": [2.25, 3, 5.5, 3.25], "texture": "#2"},
                "south": {"uv": [0, 8.625, 0.25, 8.875], "texture": "#2"},
                "west": {"uv": [0.75, 3.25, 4, 3.5], "texture": "#2"},
                "up": {"uv": [0.25, 6.75, 0, 3.5], "texture": "#2"},
                "down": {"uv": [0.5, 3.5, 0.25, 6.75], "texture": "#2"}
            }
        },
        {
            "name": "Element",
            "from": [8.75, 11, 3.5],
            "to": [10.75, 13, 29.5],
            "faces": {
                "north": {"uv": [2, 8.625, 2.25, 8.875], "texture": "#2"},
                "east": {"uv": [3.375, 1.5, 6.625, 1.75], "texture": "#2"},
                "south": {"uv": [8.75, 5.125, 9, 5.375], "texture": "#2"},
                "west": {"uv": [3.375, 1.75, 6.625, 2], "texture": "#2"},
                "up": {"uv": [0.75, 6.75, 0.5, 3.5], "texture": "#2"},
                "down": {"uv": [1, 3.5, 0.75, 6.75], "texture": "#2"}
            }
        },
        {
            "name": "Element",
            "from": [7.5, 9.75, 0.5],
            "to": [9.5, 11.75, 26.5],
            "faces": {
                "north": {"uv": [8.75, 5.375, 9, 5.625], "texture": "#2"},
                "east": {"uv": [3.375, 2, 6.625, 2.25], "texture": "#2"},
                "south": {"uv": [8.75, 6.5, 9, 6.75], "texture": "#2"},
                "west": {"uv": [3.375, 2.25, 6.625, 2.5], "texture": "#2"},
                "up": {"uv": [1.25, 6.75, 1, 3.5], "texture": "#2"},
                "down": {"uv": [1.5, 3.5, 1.25, 6.75], "texture": "#2"}
            }
        },
        {
            "name": "Element",
            "from": [6.25, 8.5, 3.5],
            "to": [8.25, 10.5, 29.5],
            "faces": {
                "north": {"uv": [8.75, 8.375, 9, 8.625], "texture": "#2"},
                "east": {"uv": [3.375, 2.5, 6.625, 2.75], "texture": "#2"},
                "south": {"uv": [0, 8.875, 0.25, 9.125], "texture": "#2"},
                "west": {"uv": [3.375, 2.75, 6.625, 3], "texture": "#2"},
                "up": {"uv": [1.75, 6.75, 1.5, 3.5], "texture": "#2"},
                "down": {"uv": [2, 3.5, 1.75, 6.75], "texture": "#2"}
            }
        },
        {
            "name": "Element",
            "from": [8.5, 8.5, 3.5],
            "to": [10.5, 10.5, 29.5],
            "faces": {
                "north": {"uv": [0.25, 8.875, 0.5, 9.125], "texture": "#2"},
                "east": {"uv": [2, 3.5, 5.25, 3.75], "texture": "#2"},
                "south": {"uv": [0.5, 8.875, 0.75, 9.125], "texture": "#2"},
                "west": {"uv": [2, 3.75, 5.25, 4], "texture": "#2"},
                "up": {"uv": [2.25, 7.25, 2, 4], "texture": "#2"},
                "down": {"uv": [2.5, 4, 2.25, 7.25], "texture": "#2"}
            }
        },
        {
            "name": "Element",
            "from": [5.25, 11.002, 10],
            "to": [11.75, 14.002, 14.5],
            "faces": {
                "north": {"uv": [6.875, 4, 7.75, 4.375], "texture": "#2"},
                "east": {"uv": [6.125, 3.5, 6.75, 3.875], "texture": "#2"},
                "south": {"uv": [6.875, 5.875, 7.75, 6.25], "texture": "#2"},
                "west": {"uv": [0.5, 7.75, 1.125, 8.125], "texture": "#2"},
                "up": {"uv": [5.375, 5.5, 4.5, 4.875], "texture": "#2"},
                "down": {"uv": [5.75, 0, 4.875, 0.625], "texture": "#2"}
            }
        },
        {
            "name": "Element",
            "from": [7, 7, 8],
            "to": [10, 10, 14.5],
            "faces": {
                "north": {"uv": [6.125, 8.125, 6.5, 8.5], "texture": "#2"},
                "east": {"uv": [7, 7, 7.875, 7.375], "texture": "#2"},
                "south": {"uv": [0, 8.25, 0.375, 8.625], "texture": "#2"},
                "west": {"uv": [7, 6.25, 7.875, 6.625], "texture": "#2"},
                "up": {"uv": [1.875, 7.625, 1.5, 6.75], "texture": "#2"},
                "down": {"uv": [2.875, 6.75, 2.5, 7.625], "texture": "#2"}
            }
        },
        {
            "name": "Element",
            "from": [5.75, 11.5, 14.5],
            "to": [11.25, 13.5, 28.5],
            "faces": {
                "north": {"uv": [7.75, 6, 8.5, 6.25], "texture": "#2"},
                "east": {"uv": [5.5, 3, 7.25, 3.25], "texture": "#2"},
                "south": {"uv": [2.75, 7.875, 3.5, 8.125], "texture": "#2"},
                "west": {"uv": [6, 4.375, 7.75, 4.625], "texture": "#2"},
                "up": {"uv": [0.75, 1.75, 0, 0], "texture": "#2"},
                "down": {"uv": [1.5, 0.75, 0.75, 2.5], "texture": "#2"}
            }
        },
        {
            "name": "Element",
            "from": [5.75, 8, 14.5],
            "to": [11.25, 10, 28.5],
            "faces": {
                "north": {"uv": [7.875, 6.25, 8.625, 6.5], "texture": "#2"},
                "east": {"uv": [6, 4.625, 7.75, 4.875], "texture": "#2"},
                "south": {"uv": [7.875, 6.875, 8.625, 7.125], "texture": "#2"},
                "west": {"uv": [6, 4.875, 7.75, 5.125], "texture": "#2"},
                "up": {"uv": [2.25, 3.25, 1.5, 1.5], "texture": "#2"},
                "down": {"uv": [0.75, 1.75, 0, 3.5], "texture": "#2"}
            }
        },
        {
            "name": "Element",
            "from": [7.5, 13.5, 0],
            "to": [9.5, 15, 7],
            "rotation": {"angle": -22.5, "axis": "x", "origin": [7.25, 13.5, 0]},
            "faces": {
                "north": {"uv": [0.75, 8.875, 1, 9.125], "texture": "#2"},
                "east": {"uv": [4.25, 4, 5.125, 4.25], "texture": "#2"},
                "south": {"uv": [1, 8.875, 1.25, 9.125], "texture": "#2"},
                "west": {"uv": [4.875, 1.25, 5.75, 1.5], "texture": "#2"},
                "up": {"uv": [2.75, 8.5, 2.5, 7.625], "texture": "#2"},
                "down": {"uv": [6.875, 7.75, 6.625, 8.625], "texture": "#2"}
            }
        },
        {
            "name": "Element",
            "from": [6.501, 10, -8],
            "to": [10.501, 11, -5],
            "faces": {
                "north": {"uv": [8.75, 3.875, 9.25, 4], "texture": "#2"},
                "east": {"uv": [7.5, 7.375, 7.875, 7.5], "texture": "#2"},
                "south": {"uv": [1.25, 8.875, 1.75, 9], "texture": "#2"},
                "west": {"uv": [8, 7.875, 8.375, 8], "texture": "#2"},
                "up": {"uv": [7.375, 8.25, 6.875, 7.875], "texture": "#2"},
                "down": {"uv": [8.375, 7.125, 7.875, 7.5], "texture": "#2"}
            }
        },
        {
            "name": "Element",
            "from": [6.5013, 7.5, -9],
            "to": [10.5013, 10.5, -8],
            "rotation": {"angle": -22.5, "axis": "x", "origin": [7, 10.5, -9]},
            "faces": {
                "north": {"uv": [4.125, 8, 4.625, 8.375], "texture": "#2"},
                "east": {"uv": [5.25, 4.5, 5.375, 4.875], "texture": "#2"},
                "south": {"uv": [7.375, 8, 7.875, 8.375], "texture": "#2"},
                "west": {"uv": [5, 6.25, 5.125, 6.625], "texture": "#2"},
                "up": {"uv": [2.25, 9, 1.75, 8.875], "texture": "#2"},
                "down": {"uv": [2.75, 8.875, 2.25, 9], "texture": "#2"}
            }
        },
        {
            "name": "Element",
            "from": [6.5018, 7.625, -8],
            "to": [10.5018, 8.625, -5],
            "faces": {
                "north": {"uv": [2.75, 8.875, 3.25, 9], "texture": "#2"},
                "east": {"uv": [6.125, 8.5, 6.5, 8.625], "texture": "#2"},
                "south": {"uv": [3.25, 8.875, 3.75, 9], "texture": "#2"},
                "west": {"uv": [8.875, 6.75, 9.25, 6.875], "texture": "#2"},
                "up": {"uv": [8.375, 8.375, 7.875, 8], "texture": "#2"},
                "down": {"uv": [8.5, 1.5, 8, 1.875], "texture": "#2"}
            }
        },
        {
            "name": "Element",
            "from": [6.501, 7.5, -5.5],
            "to": [10.501, 8.5, -3.5],
            "rotation": {"angle": -45, "axis": "x", "origin": [7, 7.5, -5.5]},
            "faces": {
                "north": {"uv": [3.75, 8.875, 4.25, 9], "texture": "#2"},
                "east": {"uv": [4, 4.75, 4.25, 4.875], "texture": "#2"},
                "south": {"uv": [4.25, 8.875, 4.75, 9], "texture": "#2"},
                "west": {"uv": [3.625, 6.625, 3.875, 6.75], "texture": "#2"},
                "up": {"uv": [2.375, 8.625, 1.875, 8.375], "texture": "#2"},
                "down": {"uv": [3.25, 8.375, 2.75, 8.625], "texture": "#2"}
            }
        },
        {
            "name": "Element",
            "from": [6.503, 9, -5.125],
            "to": [10.503, 11, -4.125],
            "faces": {
                "north": {"uv": [3.25, 8.375, 3.75, 8.625], "texture": "#2"},
                "east": {"uv": [5.125, 3.25, 5.25, 3.5], "texture": "#2"},
                "south": {"uv": [3.75, 8.375, 4.25, 8.625], "texture": "#2"},
                "west": {"uv": [5.125, 4, 5.25, 4.25], "texture": "#2"},
                "up": {"uv": [5.25, 9, 4.75, 8.875], "texture": "#2"},
                "down": {"uv": [5.75, 8.875, 5.25, 9], "texture": "#2"}
            }
        },
        {
            "name": "Element",
            "from": [6.501, 5, -6],
            "to": [10.501, 8.5, -5],
            "rotation": {"angle": 22.5, "axis": "x", "origin": [7, 5, -6]},
            "faces": {
                "north": {"uv": [7.5, 7.5, 8, 8], "texture": "#2"},
                "east": {"uv": [3.125, 6, 3.25, 6.5], "texture": "#2"},
                "south": {"uv": [1.25, 7.625, 1.75, 8.125], "texture": "#2"},
                "west": {"uv": [1.875, 6.75, 2, 7.25], "texture": "#2"},
                "up": {"uv": [6.25, 9, 5.75, 8.875], "texture": "#2"},
                "down": {"uv": [6.75, 8.875, 6.25, 9], "texture": "#2"}
            }
        },
        {
            "name": "Element",
            "from": [6.5, 7.5, -4],
            "to": [10.5, 8, -1],
            "faces": {
                "north": {"uv": [6.75, 8.875, 7.25, 9], "texture": "#2"},
                "east": {"uv": [8.875, 7.125, 9.25, 7.25], "texture": "#2"},
                "south": {"uv": [7.25, 8.875, 7.75, 9], "texture": "#2"},
                "west": {"uv": [8.875, 7.25, 9.25, 7.375], "texture": "#2"},
                "up": {"uv": [8.5, 2.25, 8, 1.875], "texture": "#2"},
                "down": {"uv": [8.5, 2.25, 8, 2.625], "texture": "#2"}
            }
        },
        {
            "name": "Element",
            "from": [6, 5, -5.5],
            "to": [11, 6, -2.5],
            "rotation": {"angle": 22.5, "axis": "x", "origin": [6, 5, -5.5]},
            "faces": {
                "north": {"uv": [5.375, 5.25, 6, 5.375], "texture": "#2"},
                "east": {"uv": [2.625, 9, 3, 9.125], "texture": "#2"},
                "south": {"uv": [8.5, 7.75, 9.125, 7.875], "texture": "#2"},
                "west": {"uv": [3, 9, 3.375, 9.125], "texture": "#2"},
                "up": {"uv": [2.375, 8.125, 1.75, 7.75], "texture": "#2"},
                "down": {"uv": [4.125, 7.75, 3.5, 8.125], "texture": "#2"}
            }
        },
        {
            "name": "Element",
            "from": [6.005, 5, -3.125],
            "to": [11.005, 6.08, -2.125],
            "rotation": {"angle": 22.5, "axis": "x", "origin": [6, 5, -3.125]},
            "faces": {
                "north": {"uv": [2.625, 8.625, 3.25, 8.75], "texture": "#2"},
                "east": {"uv": [3.875, 5.875, 4, 6], "texture": "#2"},
                "south": {"uv": [3.25, 8.625, 3.875, 8.75], "texture": "#2"},
                "west": {"uv": [3.125, 6.5, 3.25, 6.625], "texture": "#2"},
                "up": {"uv": [4.5, 8.75, 3.875, 8.625], "texture": "#2"},
                "down": {"uv": [5.125, 8.625, 4.5, 8.75], "texture": "#2"}
            }
        },
        {
            "name": "Element",
            "from": [6.01, 5, -2.25],
            "to": [11.01, 8, -1.25],
            "rotation": {"angle": 22.5, "axis": "x", "origin": [6, 5, -2.25]},
            "faces": {
                "north": {"uv": [5.375, 7.75, 6, 8.125], "texture": "#2"},
                "east": {"uv": [6.75, 3.5, 6.875, 3.875], "texture": "#2"},
                "south": {"uv": [6, 7.75, 6.625, 8.125], "texture": "#2"},
                "west": {"uv": [3.5, 7.375, 3.625, 7.75], "texture": "#2"},
                "up": {"uv": [5.75, 8.75, 5.125, 8.625], "texture": "#2"},
                "down": {"uv": [6.375, 8.625, 5.75, 8.75], "texture": "#2"}
            }
        },
        {
            "name": "Element",
            "from": [6.0055, 5.5, -2.71],
            "to": [11.0055, 6, -1.71],
            "faces": {
                "north": {"uv": [6.625, 8.625, 7.25, 8.75], "texture": "#2"},
                "east": {"uv": [6.75, 5.875, 6.875, 6], "texture": "#2"},
                "south": {"uv": [7.25, 8.625, 7.875, 8.75], "texture": "#2"},
                "west": {"uv": [5.625, 7.125, 5.75, 7.25], "texture": "#2"},
                "up": {"uv": [8.5, 8.75, 7.875, 8.625], "texture": "#2"},
                "down": {"uv": [9.125, 8.625, 8.5, 8.75], "texture": "#2"}
            }
        },
        {
            "name": "Element",
            "from": [6.01, -0.6, -5.42],
            "to": [11.01, 0.4, -4.42],
            "faces": {
                "north": {"uv": [8.625, 6.25, 9.25, 6.375], "texture": "#2"},
                "east": {"uv": [6.875, 7.25, 7, 7.375], "texture": "#2"},
                "south": {"uv": [8.625, 6.375, 9.25, 6.5], "texture": "#2"},
                "west": {"uv": [4.875, 7.5, 5, 7.625], "texture": "#2"},
                "up": {"uv": [9.25, 7, 8.625, 6.875], "texture": "#2"},
                "down": {"uv": [9.25, 7, 8.625, 7.125], "texture": "#2"}
            }
        },
        {
            "name": "Element",
            "from": [6.015, -0.5, -5],
            "to": [11.015, 0.5, -4],
            "rotation": {"angle": 45, "axis": "x", "origin": [6, -0.5, -5]},
            "faces": {
                "north": {"uv": [1.375, 8.75, 2, 8.875], "texture": "#2"},
                "east": {"uv": [1.75, 7.625, 1.875, 7.75], "texture": "#2"},
                "south": {"uv": [2.625, 8.75, 3.25, 8.875], "texture": "#2"},
                "west": {"uv": [7.75, 6.875, 7.875, 7], "texture": "#2"},
                "up": {"uv": [3.875, 8.875, 3.25, 8.75], "texture": "#2"},
                "down": {"uv": [4.5, 8.75, 3.875, 8.875], "texture": "#2"}
            }
        },
        {
            "name": "Element",
            "from": [6.01, -1.2, -4.3],
            "to": [11.01, -0.2, -1.3],
            "faces": {
                "north": {"uv": [4.5, 8.75, 5.125, 8.875], "texture": "#2"},
                "east": {"uv": [3.375, 9, 3.75, 9.125], "texture": "#2"},
                "south": {"uv": [5.125, 8.75, 5.75, 8.875], "texture": "#2"},
                "west": {"uv": [3.75, 9, 4.125, 9.125], "texture": "#2"},
                "up": {"uv": [8.375, 4.375, 7.75, 4], "texture": "#2"},
                "down": {"uv": [8.375, 4.375, 7.75, 4.75], "texture": "#2"}
            }
        },
        {
            "name": "Element",
            "from": [6.017, -1.2, -2.3],
            "to": [11.017, 0.8, -1.3],
            "rotation": {"angle": 22.5, "axis": "x", "origin": [6, -1.2, -1.3]},
            "faces": {
                "north": {"uv": [3.5, 8.125, 4.125, 8.375], "texture": "#2"},
                "east": {"uv": [4.375, 6.75, 4.5, 7], "texture": "#2"},
                "south": {"uv": [8.125, 1, 8.75, 1.25], "texture": "#2"},
                "west": {"uv": [6.875, 6.25, 7, 6.5], "texture": "#2"},
                "up": {"uv": [6.375, 8.875, 5.75, 8.75], "texture": "#2"},
                "down": {"uv": [7.25, 8.75, 6.625, 8.875], "texture": "#2"}
            }
        },
        {
            "name": "Element",
            "from": [6.016, 0.5, -1.5],
            "to": [11.016, 1.5, 1],
            "faces": {
                "north": {"uv": [7.25, 8.75, 7.875, 8.875], "texture": "#2"},
                "east": {"uv": [4.125, 9, 4.5, 9.125], "texture": "#2"},
                "south": {"uv": [7.875, 8.75, 8.5, 8.875], "texture": "#2"},
                "west": {"uv": [4.5, 9, 4.875, 9.125], "texture": "#2"},
                "up": {"uv": [8.375, 5.125, 7.75, 4.75], "texture": "#2"},
                "down": {"uv": [8.375, 5.625, 7.75, 6], "texture": "#2"}
            }
        },
        {
            "name": "Element",
            "from": [6.015, 0.5, 0],
            "to": [11.015, 6.55, 1],
            "rotation": {"angle": 22.5, "axis": "x", "origin": [6, 0.5, 1]},
            "faces": {
                "north": {"uv": [5.375, 5.375, 6, 6.125], "texture": "#2"},
                "east": {"uv": [2.375, 7.75, 2.5, 8.5], "texture": "#2"},
                "south": {"uv": [5.375, 4.5, 6, 5.25], "texture": "#2"},
                "west": {"uv": [6.5, 8.125, 6.625, 8.875], "texture": "#2"},
                "up": {"uv": [9.125, 8.875, 8.5, 8.75], "texture": "#2"},
                "down": {"uv": [9.375, 1, 8.75, 1.125], "texture": "#2"}
            }
        },
        {
            "name": "Element",
            "from": [6.01, 8, 0],
            "to": [11.01, 9, 3.685],
            "rotation": {"angle": 45, "axis": "x", "origin": [6, 8, 0]},
            "faces": {
                "north": {"uv": [8.75, 1.125, 9.375, 1.25], "texture": "#2"},
                "east": {"uv": [7.75, 8.875, 8.25, 9], "texture": "#2"},
                "south": {"uv": [8.75, 1.25, 9.375, 1.375], "texture": "#2"},
                "west": {"uv": [8.25, 8.875, 8.75, 9], "texture": "#2"},
                "up": {"uv": [5, 7.5, 4.375, 7], "texture": "#2"},
                "down": {"uv": [5.625, 7.125, 5, 7.625], "texture": "#2"}
            }
        },
        {
            "name": "Element",
            "from": [6.502, 7.25, -5.25],
            "to": [10.502, 8.75, -3.25],
            "rotation": {"angle": -22.5, "axis": "x", "origin": [7, 7.25, -5.25]},
            "faces": {
                "north": {"uv": [4.25, 8.375, 4.75, 8.625], "texture": "#2"},
                "east": {"uv": [8.75, 8.875, 9, 9.125], "texture": "#2"},
                "south": {"uv": [4.75, 8.375, 5.25, 8.625], "texture": "#2"},
                "west": {"uv": [8.875, 0, 9.125, 0.25], "texture": "#2"},
                "up": {"uv": [5.75, 8.625, 5.25, 8.375], "texture": "#2"},
                "down": {"uv": [7.75, 8.375, 7.25, 8.625], "texture": "#2"}
            }
        },
        {
            "name": "Element",
            "from": [6.5025, 9.125, -4.5],
            "to": [10.5025, 11.125, -0.5],
            "faces": {
                "north": {"uv": [7.75, 8.375, 8.25, 8.625], "texture": "#2"},
                "east": {"uv": [8.25, 8.375, 8.75, 8.625], "texture": "#2"},
                "south": {"uv": [8.375, 4, 8.875, 4.25], "texture": "#2"},
                "west": {"uv": [8.375, 4.25, 8.875, 4.5], "texture": "#2"},
                "up": {"uv": [5.375, 8.125, 4.875, 7.625], "texture": "#2"},
                "down": {"uv": [8.125, 0, 7.625, 0.5], "texture": "#2"}
            }
        },
        {
            "name": "Element",
            "from": [6.501, 7.25, -1.125],
            "to": [10.501, 11.25, 0.375],
            "faces": {
                "north": {"uv": [7.625, 0.5, 8.125, 1], "texture": "#2"},
                "east": {"uv": [3.25, 5.375, 3.5, 5.875], "texture": "#2"},
                "south": {"uv": [7.625, 1, 8.125, 1.5], "texture": "#2"},
                "west": {"uv": [2.875, 6.75, 3.125, 7.25], "texture": "#2"},
                "up": {"uv": [8.875, 4.75, 8.375, 4.5], "texture": "#2"},
                "down": {"uv": [8.875, 4.75, 8.375, 5], "texture": "#2"}
            }
        },
        {
            "name": "Element",
            "from": [5, 7.5, -12.875],
            "to": [12, 11, -8.375],
            "rotation": {"angle": 22.5, "axis": "x", "origin": [5, 7.5, -12.875]},
            "faces": {
                "north": {"uv": [6, 5.125, 6.875, 5.625], "texture": "#2"},
                "east": {"uv": [0, 7.25, 0.625, 7.75], "texture": "#2"},
                "south": {"uv": [5.125, 6.125, 6, 6.625], "texture": "#2"},
                "west": {"uv": [0.625, 7.25, 1.25, 7.75], "texture": "#2"},
                "up": {"uv": [5.75, 1.25, 4.875, 0.625], "texture": "#2"},
                "down": {"uv": [6.125, 3.25, 5.25, 3.875], "texture": "#2"}
            }
        },
        {
            "name": "Element",
            "from": [6, 9.25, -11.375],
            "to": [11, 12.75, -7.875],
            "faces": {
                "north": {"uv": [1.875, 7.25, 2.5, 7.75], "texture": "#2"},
                "east": {"uv": [7.625, 3, 8.125, 3.5], "texture": "#2"},
                "south": {"uv": [3.625, 7.25, 4.25, 7.75], "texture": "#2"},
                "west": {"uv": [7.625, 3.5, 8.125, 4], "texture": "#2"},
                "up": {"uv": [6.25, 7.75, 5.625, 7.25], "texture": "#2"},
                "down": {"uv": [6.875, 7.25, 6.25, 7.75], "texture": "#2"}
            }
        },
        {
            "name": "Element",
            "from": [6.5, 10.75, -8.25],
            "to": [10.5, 12.75, 0.75],
            "faces": {
                "north": {"uv": [8.375, 5.625, 8.875, 5.875], "texture": "#2"},
                "east": {"uv": [4, 3.25, 5.125, 3.5], "texture": "#2"},
                "south": {"uv": [8.375, 7.125, 8.875, 7.375], "texture": "#2"},
                "west": {"uv": [7, 6.625, 8.125, 6.875], "texture": "#2"},
                "up": {"uv": [4, 5.875, 3.5, 4.75], "texture": "#2"},
                "down": {"uv": [4.5, 4.875, 4, 6], "texture": "#2"}
            }
        },
        {
            "name": "Element",
            "from": [6.003, 12.5, -11.375],
            "to": [11.003, 14.5, -10.375],
            "rotation": {"angle": -22.5, "axis": "x", "origin": [6, 12.5, -11.375]},
            "faces": {
                "north": {"uv": [8.125, 1.25, 8.75, 1.5], "texture": "#2"},
                "east": {"uv": [4.25, 7.25, 4.375, 7.5], "texture": "#2"},
                "south": {"uv": [8.125, 3, 8.75, 3.25], "texture": "#2"},
                "west": {"uv": [2.75, 7.625, 2.875, 7.875], "texture": "#2"},
                "up": {"uv": [9.375, 1.5, 8.75, 1.375], "texture": "#2"},
                "down": {"uv": [9.375, 3, 8.75, 3.125], "texture": "#2"}
            }
        },
        {
            "name": "Element",
            "from": [6.002, 13.625, -12.25],
            "to": [11.002, 14.625, -10.25],
            "rotation": {"angle": -22.5, "axis": "x", "origin": [6, 14.625, -12.25]},
            "faces": {
                "north": {"uv": [8.75, 3.125, 9.375, 3.25], "texture": "#2"},
                "east": {"uv": [2.875, 7.25, 3.125, 7.375], "texture": "#2"},
                "south": {"uv": [8.75, 3.25, 9.375, 3.375], "texture": "#2"},
                "west": {"uv": [5.375, 7.625, 5.625, 7.75], "texture": "#2"},
                "up": {"uv": [8.75, 3.5, 8.125, 3.25], "texture": "#2"},
                "down": {"uv": [8.75, 3.5, 8.125, 3.75], "texture": "#2"}
            }
        },
        {
            "name": "Element",
            "from": [6, 14.39, -10.4],
            "to": [11, 15.39, -4.4],
            "faces": {
                "north": {"uv": [8.75, 3.375, 9.375, 3.5], "texture": "#2"},
                "east": {"uv": [6, 5.875, 6.75, 6], "texture": "#2"},
                "south": {"uv": [8.75, 3.5, 9.375, 3.625], "texture": "#2"},
                "west": {"uv": [7, 6.875, 7.75, 7], "texture": "#2"},
                "up": {"uv": [5.125, 6.25, 4.5, 5.5], "texture": "#2"},
                "down": {"uv": [6.375, 0, 5.75, 0.75], "texture": "#2"}
            }
        },
        {
            "name": "Element",
            "from": [6.001, 12.5, -11],
            "to": [11.001, 14.5, 0.5],
            "faces": {
                "north": {"uv": [8.125, 3.75, 8.75, 4], "texture": "#2"},
                "east": {"uv": [6, 5.625, 7.5, 5.875], "texture": "#2"},
                "south": {"uv": [8.125, 5.125, 8.75, 5.375], "texture": "#2"},
                "west": {"uv": [6.125, 3.25, 7.625, 3.5], "texture": "#2"},
                "up": {"uv": [2.125, 1.5, 1.5, 0], "texture": "#2"},
                "down": {"uv": [2.75, 0, 2.125, 1.5], "texture": "#2"}
            }
        },
        {
            "name": "Element",
            "from": [7.5, 14.5, -4.5],
            "to": [9.5, 16, -2],
            "faces": {
                "north": {"uv": [8.875, 0.25, 9.125, 0.5], "texture": "#2"},
                "east": {"uv": [7.25, 3, 7.625, 3.25], "texture": "#2"},
                "south": {"uv": [8.875, 0.5, 9.125, 0.75], "texture": "#2"},
                "west": {"uv": [5.75, 8.375, 6.125, 8.625], "texture": "#2"},
                "up": {"uv": [1.5, 7.625, 1.25, 7.25], "texture": "#2"},
                "down": {"uv": [0.625, 8.5, 0.375, 8.875], "texture": "#2"}
            }
        },
        {
            "name": "Element",
            "from": [7.507, 13.55, -2],
            "to": [9.497, 16.05, 1],
            "rotation": {"angle": -22.5, "axis": "x", "origin": [7.25, 13.5, -2]},
            "faces": {
                "north": {"uv": [0.625, 8.5, 0.875, 8.875], "texture": "#2"},
                "east": {"uv": [6.875, 8.25, 7.25, 8.625], "texture": "#2"},
                "south": {"uv": [0.875, 8.5, 1.125, 8.875], "texture": "#2"},
                "west": {"uv": [1.5, 8.375, 1.875, 8.75], "texture": "#2"},
                "up": {"uv": [1.375, 8.875, 1.125, 8.5], "texture": "#2"},
                "down": {"uv": [2.625, 8.5, 2.375, 8.875], "texture": "#2"}
            }
        },
        {
            "name": "Element",
            "from": [7.502, 15.955, -0.2],
            "to": [9.499, 17.005, 4.8],
            "faces": {
                "north": {"uv": [7.875, 6.5, 8.125, 6.625], "texture": "#2"},
                "east": {"uv": [8.75, 3.625, 9.375, 3.75], "texture": "#2"},
                "south": {"uv": [4.625, 8, 4.875, 8.125], "texture": "#2"},
                "west": {"uv": [8.75, 3.75, 9.375, 3.875], "texture": "#2"},
                "up": {"uv": [5.375, 6.125, 5.125, 5.5], "texture": "#2"},
                "down": {"uv": [6, 6.625, 5.75, 7.25], "texture": "#2"}
            }
        },
        {
            "name": "Element",
            "from": [6.5, 5.5, -9],
            "to": [10.5, 8, -5],
            "faces": {
                "north": {"uv": [8, 2.625, 8.5, 3], "texture": "#2"},
                "east": {"uv": [8, 7.5, 8.5, 7.875], "texture": "#2"},
                "south": {"uv": [0.5, 8.125, 1, 8.5], "texture": "#2"},
                "west": {"uv": [1, 8.125, 1.5, 8.5], "texture": "#2"},
                "up": {"uv": [8.125, 5.625, 7.625, 5.125], "texture": "#2"},
                "down": {"uv": [0.5, 7.75, 0, 8.25], "texture": "#2"}
            }
        },
        {
            "name": "Element",
            "from": [6.002, -0.5, -5],
            "to": [10.998, 5, -1],
            "faces": {
                "north": {"uv": [5.75, 0.75, 6.375, 1.5], "texture": "#2"},
                "east": {"uv": [6.375, 0.75, 6.875, 1.5], "texture": "#2"},
                "south": {"uv": [3.25, 5.875, 3.875, 6.625], "texture": "#2"},
                "west": {"uv": [6, 6.5, 6.5, 7.25], "texture": "#2"},
                "up": {"uv": [3.5, 7.875, 2.875, 7.375], "texture": "#2"},
                "down": {"uv": [7.5, 7.375, 6.875, 7.875], "texture": "#2"}
            }
        },
        {
            "name": "Element",
            "from": [6, 2, -2.875],
            "to": [11, 7.5, 0.625],
            "rotation": {"angle": 22.5, "axis": "x", "origin": [6, 2, -2.875]},
            "faces": {
                "north": {"uv": [2.5, 6, 3.125, 6.75], "texture": "#2"},
                "east": {"uv": [6.5, 6.5, 7, 7.25], "texture": "#2"},
                "south": {"uv": [3.875, 6, 4.5, 6.75], "texture": "#2"},
                "west": {"uv": [3.125, 6.625, 3.625, 7.375], "texture": "#2"},
                "up": {"uv": [8, 2, 7.375, 1.5], "texture": "#2"},
                "down": {"uv": [8, 2, 7.375, 2.5], "texture": "#2"}
            }
        },
        {
            "name": "Element",
            "from": [6.003, 7.125, -0.875],
            "to": [11.003, 8.625, 2.625],
            "rotation": {"angle": 45, "axis": "x", "origin": [6, 7.125, -0.875]},
            "faces": {
                "north": {"uv": [8.125, 5.375, 8.75, 5.625], "texture": "#2"},
                "east": {"uv": [8.375, 7.875, 8.875, 8.125], "texture": "#2"},
                "south": {"uv": [8.125, 6.5, 8.75, 6.75], "texture": "#2"},
                "west": {"uv": [8.375, 8.125, 8.875, 8.375], "texture": "#2"},
                "up": {"uv": [8, 3, 7.375, 2.5], "texture": "#2"},
                "down": {"uv": [4.875, 7.5, 4.25, 8], "texture": "#2"}
            }
        },
        {
            "name": "Element",
            "from": [5.75, 11.5, -7],
            "to": [11.25, 13.5, -6],
            "faces": {
                "north": {"uv": [1.5, 8.125, 2.25, 8.375], "texture": "#2"},
                "east": {"uv": [1.125, 7.75, 1.25, 8], "texture": "#2"},
                "south": {"uv": [2.75, 8.125, 3.5, 8.375], "texture": "#2"},
                "west": {"uv": [4.125, 7.75, 4.25, 8], "texture": "#2"},
                "up": {"uv": [8.875, 6.875, 8.125, 6.75], "texture": "#2"},
                "down": {"uv": [9.125, 5, 8.375, 5.125], "texture": "#2"}
            }
        },
        {
            "name": "Element",
            "from": [5.75, 11.5, -5],
            "to": [11.25, 13.5, -4],
            "faces": {
                "north": {"uv": [4.625, 8.125, 5.375, 8.375], "texture": "#2"},
                "east": {"uv": [2.25, 8.125, 2.375, 8.375], "texture": "#2"},
                "south": {"uv": [5.375, 8.125, 6.125, 8.375], "texture": "#2"},
                "west": {"uv": [0.375, 8.25, 0.5, 8.5], "texture": "#2"},
                "up": {"uv": [9.125, 6, 8.375, 5.875], "texture": "#2"},
                "down": {"uv": [9.125, 7.375, 8.375, 7.5], "texture": "#2"}
            }
        },
        {
            "name": "Element",
            "from": [5.75, 11.5, -3],
            "to": [11.25, 13.5, -2],
            "faces": {
                "north": {"uv": [8.125, 0, 8.875, 0.25], "texture": "#2"},
                "east": {"uv": [1.375, 8.5, 1.5, 8.75], "texture": "#2"},
                "south": {"uv": [8.125, 0.25, 8.875, 0.5], "texture": "#2"},
                "west": {"uv": [0.25, 8.625, 0.375, 8.875], "texture": "#2"},
                "up": {"uv": [9.25, 1.625, 8.5, 1.5], "texture": "#2"},
                "down": {"uv": [9.25, 1.625, 8.5, 1.75], "texture": "#2"}
            }
        },
        {
            "name": "Element",
            "from": [5.75, 11.5, -1],
            "to": [11.25, 13.5, 0],
            "faces": {
                "north": {"uv": [8.125, 0.5, 8.875, 0.75], "texture": "#2"},
                "east": {"uv": [2.25, 8.625, 2.375, 8.875], "texture": "#2"},
                "south": {"uv": [8.125, 0.75, 8.875, 1], "texture": "#2"},
                "west": {"uv": [6.375, 8.625, 6.5, 8.875], "texture": "#2"},
                "up": {"uv": [9.25, 1.875, 8.5, 1.75], "texture": "#2"},
                "down": {"uv": [9.25, 1.875, 8.5, 2], "texture": "#2"}
            }
        },
        {
            "name": "Element",
            "from": [5.5, 9, 15],
            "to": [11.5, 13, 16],
            "faces": {
                "north": {"uv": [5, 6.625, 5.75, 7.125], "texture": "#2"},
                "east": {"uv": [8.875, 7.875, 9, 8.375], "texture": "#2"},
                "south": {"uv": [6.625, 1.5, 7.375, 2], "texture": "#2"},
                "west": {"uv": [1.25, 9, 1.375, 9.5], "texture": "#2"},
                "up": {"uv": [9.25, 2.125, 8.5, 2], "texture": "#2"},
                "down": {"uv": [9.25, 2.125, 8.5, 2.25], "texture": "#2"}
            }
        },
        {
            "name": "Element",
            "from": [5.5, 9, 17],
            "to": [11.5, 13, 18],
            "faces": {
                "north": {"uv": [6.625, 2, 7.375, 2.5], "texture": "#2"},
                "east": {"uv": [1.375, 9, 1.5, 9.5], "texture": "#2"},
                "south": {"uv": [6.625, 2.5, 7.375, 3], "texture": "#2"},
                "west": {"uv": [1.5, 9, 1.625, 9.5], "texture": "#2"},
                "up": {"uv": [9.25, 2.375, 8.5, 2.25], "texture": "#2"},
                "down": {"uv": [9.25, 2.375, 8.5, 2.5], "texture": "#2"}
            }
        },
        {
            "name": "Element",
            "from": [5.5, 9, 19],
            "to": [11.5, 13, 20],
            "faces": {
                "north": {"uv": [0, 6.75, 0.75, 7.25], "texture": "#2"},
                "east": {"uv": [1.625, 9, 1.75, 9.5], "texture": "#2"},
                "south": {"uv": [0.75, 6.75, 1.5, 7.25], "texture": "#2"},
                "west": {"uv": [1.75, 9, 1.875, 9.5], "texture": "#2"},
                "up": {"uv": [9.25, 2.625, 8.5, 2.5], "texture": "#2"},
                "down": {"uv": [9.25, 2.625, 8.5, 2.75], "texture": "#2"}
            }
        },
        {
            "name": "Element",
            "from": [5.5, 9, 21],
            "to": [11.5, 13, 22],
            "faces": {
                "north": {"uv": [3.625, 6.75, 4.375, 7.25], "texture": "#2"},
                "east": {"uv": [1.875, 9, 2, 9.5], "texture": "#2"},
                "south": {"uv": [6.875, 0, 7.625, 0.5], "texture": "#2"},
                "west": {"uv": [2, 9, 2.125, 9.5], "texture": "#2"},
                "up": {"uv": [9.25, 2.875, 8.5, 2.75], "texture": "#2"},
                "down": {"uv": [9.25, 2.875, 8.5, 3], "texture": "#2"}
            }
        },
        {
            "name": "Element",
            "from": [5.5, 9, 23],
            "to": [11.5, 13, 24],
            "faces": {
                "north": {"uv": [6.875, 0.5, 7.625, 1], "texture": "#2"},
                "east": {"uv": [2.125, 9, 2.25, 9.5], "texture": "#2"},
                "south": {"uv": [6.875, 1, 7.625, 1.5], "texture": "#2"},
                "west": {"uv": [2.25, 9, 2.375, 9.5], "texture": "#2"},
                "up": {"uv": [9.25, 6.125, 8.5, 6], "texture": "#2"},
                "down": {"uv": [9.25, 6.125, 8.5, 6.25], "texture": "#2"}
            }
        },
        {
            "name": "Element",
            "from": [5.5, 9, 25],
            "to": [11.5, 13, 26],
            "faces": {
                "north": {"uv": [6.875, 3.5, 7.625, 4], "texture": "#2"},
                "east": {"uv": [2.375, 9, 2.5, 9.5], "texture": "#2"},
                "south": {"uv": [6.875, 5.125, 7.625, 5.625], "texture": "#2"},
                "west": {"uv": [2.5, 9, 2.625, 9.5], "texture": "#2"},
                "up": {"uv": [9.25, 7.625, 8.5, 7.5], "texture": "#2"},
                "down": {"uv": [9.25, 7.625, 8.5, 7.75], "texture": "#2"}
            }
        }
    ],
    "display": {
        "thirdperson_righthand": {
            "rotation": [90, 180, 0],
            "translation": [0, 9, 3],
            "scale": [0.5, 0.5, 0.5]
        },
        "thirdperson_lefthand": {
            "rotation": [90, 180, 0],
            "translation": [0, 9, 3],
            "scale": [0.5, 0.5, 0.5]
        },
        "firstperson_righthand": {
            "rotation": [0, 180, 0],
            "translation": [0, 0, -5]
        },
        "firstperson_lefthand": {
            "rotation": [0, 180, 0],
            "translation": [0, 0, -5]
        },
        "ground": {
            "translation": [0, 2, 0],
            "scale": [0.4, 0.4, 0.4]
        },
        "gui": {
            "rotation": [30, 45, 0],
            "translation": [0.25, -1, 0],
            "scale": [0.425, 0.425, 0.425]
        },
        "fixed": {
            "rotation": [0, -90, 0],
            "translation": [0, 0, -4],
            "scale": [1.5, 1.5, 1.5]
        }
    }
}
