{
    "textures": {
        "texture": "item/police_baton"
    },
    "elements": [ 	 
        {
            "__comment": "Element",
            "from": [ 9.5, -11.5, 2 ],
            "to": [ 10.14, 28.5, 5.215 ],
            "rotation": { "origin": [ 9.5, -11.5, 2 ], "axis": "y", "angle": -22.5 },
            "faces": {
                "down": { "uv": [ 1, 1, 2, 2 ], "texture": "#texture" },
                "up": { "uv": [ 1, 1, 2, 2 ], "texture": "#texture" },
                "north": { "uv": [ 1, 1, 2, 2 ], "texture": "#texture" },
                "south": { "uv": [ 1, 1, 2, 2 ], "texture": "#texture" },
                "west": { "uv": [ 1, 1, 2, 2 ], "texture": "#texture" },
                "east": { "uv": [ 1, 1, 2, 2 ], "texture": "#texture" }
            }
        },
        {
            "__comment": "Element",
            "from": [ 9.6213, -12.5, 1.701 ],
            "to": [ 10.3893, -11.3, 5.559 ],
            "rotation": { "origin": [ 9.621256, -12.5, 1.701024 ], "axis": "y", "angle": -22.5 },
            "faces": {
                "down": { "uv": [ 10, 1, 11, 2 ], "texture": "#texture" },
                "up": { "uv": [ 10, 1, 11, 2 ], "texture": "#texture" },
                "north": { "uv": [ 10, 1, 11, 2 ], "texture": "#texture" },
                "south": { "uv": [ 10, 1, 11, 2 ], "texture": "#texture" },
                "west": { "uv": [ 10, 1, 11, 2 ], "texture": "#texture" },
                "east": { "uv": [ 10, 1, 11, 2 ], "texture": "#texture" }
            }
        },
        {
            "__comment": "Element",
            "from": [ 10.092, -11.5, 2.2464 ],
            "to": [ 10.732, 28.5, 5.4614 ],
            "rotation": { "origin": [ 10.092, -11.5, 2.2464 ], "axis": "y", "angle": -45 },
            "faces": {
                "down": { "uv": [ 1, 1, 2, 2 ], "texture": "#texture" },
                "up": { "uv": [ 1, 1, 2, 2 ], "texture": "#texture" },
                "north": { "uv": [ 1, 1, 2, 2 ], "texture": "#texture" },
                "south": { "uv": [ 1, 1, 2, 2 ], "texture": "#texture" },
                "west": { "uv": [ 1, 1, 2, 2 ], "texture": "#texture" },
                "east": { "uv": [ 1, 1, 2, 2 ], "texture": "#texture" }
            }
        },
        {
            "__comment": "Element",
            "from": [ 10.3317, -12.5, 1.9967 ],
            "to": [ 11.0997, -11.3, 5.8547 ],
            "rotation": { "origin": [ 10.33166, -12.5, 1.996704 ], "axis": "y", "angle": -45 },
            "faces": {
                "down": { "uv": [ 10, 1, 11, 2 ], "texture": "#texture" },
                "up": { "uv": [ 10, 1, 11, 2 ], "texture": "#texture" },
                "north": { "uv": [ 10, 1, 11, 2 ], "texture": "#texture" },
                "south": { "uv": [ 10, 1, 11, 2 ], "texture": "#texture" },
                "west": { "uv": [ 10, 1, 11, 2 ], "texture": "#texture" },
                "east": { "uv": [ 10, 1, 11, 2 ], "texture": "#texture" }
            }
        },
        {
            "__comment": "Element",
            "from": [ 8.86, -11.5, 2 ],
            "to": [ 9.5, 28.5, 5.215 ],
            "faces": {
                "down": { "uv": [ 1, 1, 2, 2 ], "texture": "#texture" },
                "up": { "uv": [ 1, 1, 2, 2 ], "texture": "#texture" },
                "north": { "uv": [ 1, 1, 2, 2 ], "texture": "#texture" },
                "south": { "uv": [ 1, 1, 2, 2 ], "texture": "#texture" },
                "west": { "uv": [ 1, 1, 2, 2 ], "texture": "#texture" },
                "east": { "uv": [ 1, 1, 2, 2 ], "texture": "#texture" }
            }
        },
        {
            "__comment": "Element",
            "from": [ 8.8533, -12.5, 1.701 ],
            "to": [ 9.621301, -11.3, 5.559 ],
            "faces": {
                "down": { "uv": [ 10, 1, 11, 2 ], "texture": "#texture" },
                "up": { "uv": [ 10, 1, 11, 2 ], "texture": "#texture" },
                "north": { "uv": [ 10, 1, 11, 2 ], "texture": "#texture" },
                "south": { "uv": [ 10, 1, 11, 2 ], "texture": "#texture" },
                "west": { "uv": [ 10, 1, 11, 2 ], "texture": "#texture" },
                "east": { "uv": [ 10, 1, 11, 2 ], "texture": "#texture" }
            }
        },
        {
            "__comment": "Element",
            "from": [ 8.2687, -11.5, 2.2449 ],
            "to": [ 8.9087, 28.5, 5.4599 ],
            "rotation": { "origin": [ 8.26872, -11.5, 2.24488 ], "axis": "y", "angle": 22.5 },
            "faces": {
                "down": { "uv": [ 1, 1, 2, 2 ], "texture": "#texture" },
                "up": { "uv": [ 1, 1, 2, 2 ], "texture": "#texture" },
                "north": { "uv": [ 1, 1, 2, 2 ], "texture": "#texture" },
                "south": { "uv": [ 1, 1, 2, 2 ], "texture": "#texture" },
                "west": { "uv": [ 1, 1, 2, 2 ], "texture": "#texture" },
                "east": { "uv": [ 1, 1, 2, 2 ], "texture": "#texture" }
            }
        },
        {
            "__comment": "Element",
            "from": [ 8.1437, -12.5, 1.9949 ],
            "to": [ 8.9117, -11.3, 5.8529 ],
            "rotation": { "origin": [ 8.14372, -12.5, 1.99488 ], "axis": "y", "angle": 22.5 },
            "faces": {
                "down": { "uv": [ 10, 1, 11, 2 ], "texture": "#texture" },
                "up": { "uv": [ 10, 1, 11, 2 ], "texture": "#texture" },
                "north": { "uv": [ 10, 1, 11, 2 ], "texture": "#texture" },
                "south": { "uv": [ 10, 1, 11, 2 ], "texture": "#texture" },
                "west": { "uv": [ 10, 1, 11, 2 ], "texture": "#texture" },
                "east": { "uv": [ 10, 1, 11, 2 ], "texture": "#texture" }
            }
        },
        {
            "__comment": "Element",
            "from": [ 7.8154, -11.5, 2.699 ],
            "to": [ 8.4554, 28.5, 5.914 ],
            "rotation": { "origin": [ 7.81544, -11.5, 2.69896 ], "axis": "y", "angle": 45 },
            "faces": {
                "down": { "uv": [ 1, 1, 2, 2 ], "texture": "#texture" },
                "up": { "uv": [ 1, 1, 2, 2 ], "texture": "#texture" },
                "north": { "uv": [ 1, 1, 2, 2 ], "texture": "#texture" },
                "south": { "uv": [ 1, 1, 2, 2 ], "texture": "#texture" },
                "west": { "uv": [ 1, 1, 2, 2 ], "texture": "#texture" },
                "east": { "uv": [ 1, 1, 2, 2 ], "texture": "#texture" }
            }
        },
        {
            "__comment": "Element",
            "from": [ 7.5997, -12.5, 2.5398 ],
            "to": [ 8.367701, -11.3, 6.3978 ],
            "rotation": { "origin": [ 7.599784, -12.5, 2.539776 ], "axis": "y", "angle": 45 },
            "faces": {
                "down": { "uv": [ 10, 1, 11, 2 ], "texture": "#texture" },
                "up": { "uv": [ 10, 1, 11, 2 ], "texture": "#texture" },
                "north": { "uv": [ 10, 1, 11, 2 ], "texture": "#texture" },
                "south": { "uv": [ 10, 1, 11, 2 ], "texture": "#texture" },
                "west": { "uv": [ 10, 1, 11, 2 ], "texture": "#texture" },
                "east": { "uv": [ 10, 1, 11, 2 ], "texture": "#texture" }
            }
        },
        {
            "__comment": "Element",
            "from": [ 7.8168, -11.5, 2.696 ],
            "to": [ 11.0318, 28.5, 3.336 ],
            "rotation": { "origin": [ 7.8168, -11.5, 2.696 ], "axis": "y", "angle": -22.5 },
            "faces": {
                "down": { "uv": [ 1, 1, 2, 2 ], "texture": "#texture" },
                "up": { "uv": [ 1, 1, 2, 2 ], "texture": "#texture" },
                "north": { "uv": [ 1, 1, 2, 2 ], "texture": "#texture" },
                "south": { "uv": [ 1, 1, 2, 2 ], "texture": "#texture" },
                "west": { "uv": [ 1, 1, 2, 2 ], "texture": "#texture" },
                "east": { "uv": [ 1, 1, 2, 2 ], "texture": "#texture" }
            }
        },
        {
            "__comment": "Element",
            "from": [ 7.6014, -12.5, 2.5362 ],
            "to": [ 11.4594, -11.3, 3.3042 ],
            "rotation": { "origin": [ 7.601416, -12.5, 2.536224 ], "axis": "y", "angle": -22.5 },
            "faces": {
                "down": { "uv": [ 10, 1, 11, 2 ], "texture": "#texture" },
                "up": { "uv": [ 10, 1, 11, 2 ], "texture": "#texture" },
                "north": { "uv": [ 10, 1, 11, 2 ], "texture": "#texture" },
                "south": { "uv": [ 10, 1, 11, 2 ], "texture": "#texture" },
                "west": { "uv": [ 10, 1, 11, 2 ], "texture": "#texture" },
                "east": { "uv": [ 10, 1, 11, 2 ], "texture": "#texture" }
            }
        },
        {
            "__comment": "Element",
            "from": [ 7.572, -11.5, 3.2864 ],
            "to": [ 10.787, 28.5, 3.9264 ],
            "faces": {
                "down": { "uv": [ 1, 1, 2, 2 ], "texture": "#texture" },
                "up": { "uv": [ 1, 1, 2, 2 ], "texture": "#texture" },
                "north": { "uv": [ 1, 1, 2, 2 ], "texture": "#texture" },
                "south": { "uv": [ 1, 1, 2, 2 ], "texture": "#texture" },
                "west": { "uv": [ 1, 1, 2, 2 ], "texture": "#texture" },
                "east": { "uv": [ 1, 1, 2, 2 ], "texture": "#texture" }
            }
        },
        {
            "__comment": "Element",
            "from": [ 7.3077, -12.5, 3.2447 ],
            "to": [ 11.1657, -11.3, 4.0127 ],
            "faces": {
                "down": { "uv": [ 10, 1, 11, 2 ], "texture": "#texture" },
                "up": { "uv": [ 10, 1, 11, 2 ], "texture": "#texture" },
                "north": { "uv": [ 10, 1, 11, 2 ], "texture": "#texture" },
                "south": { "uv": [ 10, 1, 11, 2 ], "texture": "#texture" },
                "west": { "uv": [ 10, 1, 11, 2 ], "texture": "#texture" },
                "east": { "uv": [ 10, 1, 11, 2 ], "texture": "#texture" }
            }
        },
        {
            "__comment": "Element",
            "from": [ 7.5719, -11.5, 3.9127 ],
            "to": [ 10.7869, 28.5, 4.5527 ],
            "rotation": { "origin": [ 7.57192, -11.5, 3.91272 ], "axis": "y", "angle": 22.5 },
            "faces": {
                "down": { "uv": [ 1, 1, 2, 2 ], "texture": "#texture" },
                "up": { "uv": [ 1, 1, 2, 2 ], "texture": "#texture" },
                "north": { "uv": [ 1, 1, 2, 2 ], "texture": "#texture" },
                "south": { "uv": [ 1, 1, 2, 2 ], "texture": "#texture" },
                "west": { "uv": [ 1, 1, 2, 2 ], "texture": "#texture" },
                "east": { "uv": [ 1, 1, 2, 2 ], "texture": "#texture" }
            }
        },
        {
            "__comment": "Element",
            "from": [ 7.3075, -12.5, 3.9963 ],
            "to": [ 11.1655, -11.3, 4.7643 ],
            "rotation": { "origin": [ 7.30756, -12.5, 3.996288 ], "axis": "y", "angle": 22.5 },
            "faces": {
                "down": { "uv": [ 10, 1, 11, 2 ], "texture": "#texture" },
                "up": { "uv": [ 10, 1, 11, 2 ], "texture": "#texture" },
                "north": { "uv": [ 10, 1, 11, 2 ], "texture": "#texture" },
                "south": { "uv": [ 10, 1, 11, 2 ], "texture": "#texture" },
                "west": { "uv": [ 10, 1, 11, 2 ], "texture": "#texture" },
                "east": { "uv": [ 10, 1, 11, 2 ], "texture": "#texture" }
            }
        },
        {
            "__comment": "Element",
            "from": [ 7.6897, -2.0766, 3.5534 ],
            "to": [ 10.59124, -1.499, 12.8672 ],
            "faces": {
                "down": { "uv": [ 4, 1, 5, 2 ], "texture": "#texture" },
                "up": { "uv": [ 4, 1, 5, 2 ], "texture": "#texture" },
                "north": { "uv": [ 4, 1, 5, 2 ], "texture": "#texture" },
                "south": { "uv": [ 4, 1, 5, 2 ], "texture": "#texture" },
                "west": { "uv": [ 4, 1, 5, 2 ], "texture": "#texture" },
                "east": { "uv": [ 4, 1, 5, 2 ], "texture": "#texture" }
            }
        },
        {
            "__comment": "Element",
            "from": [ 7.3776, -2.0919, 12.0391 ],
            "to": [ 10.85945, -1.39878, 13.2391 ],
            "faces": {
                "down": { "uv": [ 7, 1, 8, 2 ], "texture": "#texture" },
                "up": { "uv": [ 7, 1, 8, 2 ], "texture": "#texture" },
                "north": { "uv": [ 7, 1, 8, 2 ], "texture": "#texture" },
                "south": { "uv": [ 7, 1, 8, 2 ], "texture": "#texture" },
                "west": { "uv": [ 7, 1, 8, 2 ], "texture": "#texture" },
                "east": { "uv": [ 7, 1, 8, 2 ], "texture": "#texture" }
            }
        },
        {
            "__comment": "Element",
            "from": [ 7.6896, -1.4998, 3.5534 ],
            "to": [ 10.59114, -0.9222, 12.8672 ],
            "rotation": { "origin": [ 7.68961, -1.49976, 3.5534 ], "axis": "z", "angle": -22.5 },
            "faces": {
                "down": { "uv": [ 4, 1, 5, 2 ], "texture": "#texture" },
                "up": { "uv": [ 4, 1, 5, 2 ], "texture": "#texture" },
                "north": { "uv": [ 4, 1, 5, 2 ], "texture": "#texture" },
                "south": { "uv": [ 4, 1, 5, 2 ], "texture": "#texture" },
                "west": { "uv": [ 4, 1, 5, 2 ], "texture": "#texture" },
                "east": { "uv": [ 4, 1, 5, 2 ], "texture": "#texture" }
            }
        },
        {
            "__comment": "Element",
            "from": [ 7.3775, -1.3998, 12.0391 ],
            "to": [ 10.85935, -0.70668, 13.2391 ],
            "rotation": { "origin": [ 7.377532, -1.399712, 12.03908 ], "axis": "z", "angle": -22.5 },
            "faces": {
                "down": { "uv": [ 7, 1, 8, 2 ], "texture": "#texture" },
                "up": { "uv": [ 7, 1, 8, 2 ], "texture": "#texture" },
                "north": { "uv": [ 7, 1, 8, 2 ], "texture": "#texture" },
                "south": { "uv": [ 7, 1, 8, 2 ], "texture": "#texture" },
                "west": { "uv": [ 7, 1, 8, 2 ], "texture": "#texture" },
                "east": { "uv": [ 7, 1, 8, 2 ], "texture": "#texture" }
            }
        },
        {
            "__comment": "Element",
            "from": [ 9.9642, -3.0034, 3.5534 ],
            "to": [ 10.5418, -0.1153998, 12.8672 ],
            "rotation": { "origin": [ 9.964, -3.0036, 3.5534 ], "axis": "z", "angle": 45 },
            "faces": {
                "down": { "uv": [ 4, 1, 5, 2 ], "texture": "#texture" },
                "up": { "uv": [ 4, 1, 5, 2 ], "texture": "#texture" },
                "north": { "uv": [ 4, 1, 5, 2 ], "texture": "#texture" },
                "south": { "uv": [ 4, 1, 5, 2 ], "texture": "#texture" },
                "west": { "uv": [ 4, 1, 5, 2 ], "texture": "#texture" },
                "east": { "uv": [ 4, 1, 5, 2 ], "texture": "#texture" }
            }
        },
        {
            "__comment": "Element",
            "from": [ 10.107, -3.2041, 12.0391 ],
            "to": [ 10.80012, 0.2615004, 13.2391 ],
            "rotation": { "origin": [ 10.1068, -3.204321, 12.03908 ], "axis": "z", "angle": 45 },
            "faces": {
                "down": { "uv": [ 7, 1, 8, 2 ], "texture": "#texture" },
                "up": { "uv": [ 7, 1, 8, 2 ], "texture": "#texture" },
                "north": { "uv": [ 7, 1, 8, 2 ], "texture": "#texture" },
                "south": { "uv": [ 7, 1, 8, 2 ], "texture": "#texture" },
                "west": { "uv": [ 7, 1, 8, 2 ], "texture": "#texture" },
                "east": { "uv": [ 7, 1, 8, 2 ], "texture": "#texture" }
            }
        },
        {
            "__comment": "Element",
            "from": [ 9.4297, -3.226, 3.5534 ],
            "to": [ 10.0073, -0.3379998, 12.8672 ],
            "rotation": { "origin": [ 9.42972, -3.22598, 3.5534 ], "axis": "z", "angle": 22.5 },
            "faces": {
                "down": { "uv": [ 4, 1, 5, 2 ], "texture": "#texture" },
                "up": { "uv": [ 4, 1, 5, 2 ], "texture": "#texture" },
                "north": { "uv": [ 4, 1, 5, 2 ], "texture": "#texture" },
                "south": { "uv": [ 4, 1, 5, 2 ], "texture": "#texture" },
                "west": { "uv": [ 4, 1, 5, 2 ], "texture": "#texture" },
                "east": { "uv": [ 4, 1, 5, 2 ], "texture": "#texture" }
            }
        },
        {
            "__comment": "Element",
            "from": [ 9.4656, -3.4712, 12.0391 ],
            "to": [ 10.15872, -0.005599737, 13.2391 ],
            "rotation": { "origin": [ 9.465664, -3.471176, 12.03908 ], "axis": "z", "angle": 22.5 },
            "faces": {
                "down": { "uv": [ 7, 1, 8, 2 ], "texture": "#texture" },
                "up": { "uv": [ 7, 1, 8, 2 ], "texture": "#texture" },
                "north": { "uv": [ 7, 1, 8, 2 ], "texture": "#texture" },
                "south": { "uv": [ 7, 1, 8, 2 ], "texture": "#texture" },
                "west": { "uv": [ 7, 1, 8, 2 ], "texture": "#texture" },
                "east": { "uv": [ 7, 1, 8, 2 ], "texture": "#texture" }
            }
        },
        {
            "__comment": "Element",
            "from": [ 8.852099, -3.226, 3.5534 ],
            "to": [ 9.429699, -0.3379998, 12.8672 ],
            "faces": {
                "down": { "uv": [ 4, 1, 5, 2 ], "texture": "#texture" },
                "up": { "uv": [ 4, 1, 5, 2 ], "texture": "#texture" },
                "north": { "uv": [ 4, 1, 5, 2 ], "texture": "#texture" },
                "south": { "uv": [ 4, 1, 5, 2 ], "texture": "#texture" },
                "west": { "uv": [ 4, 1, 5, 2 ], "texture": "#texture" },
                "east": { "uv": [ 4, 1, 5, 2 ], "texture": "#texture" }
            }
        },
        {
            "__comment": "Element",
            "from": [ 8.7725, -3.4712, 12.0391 ],
            "to": [ 9.465619, -0.005599737, 13.2391 ],
            "faces": {
                "down": { "uv": [ 7, 1, 8, 2 ], "texture": "#texture" },
                "up": { "uv": [ 7, 1, 8, 2 ], "texture": "#texture" },
                "north": { "uv": [ 7, 1, 8, 2 ], "texture": "#texture" },
                "south": { "uv": [ 7, 1, 8, 2 ], "texture": "#texture" },
                "west": { "uv": [ 7, 1, 8, 2 ], "texture": "#texture" },
                "east": { "uv": [ 7, 1, 8, 2 ], "texture": "#texture" }
            }
        },
        {
            "__comment": "Element",
            "from": [ 8.3186, -3.0049, 3.5534 ],
            "to": [ 8.8962, -0.1169, 12.8672 ],
            "rotation": { "origin": [ 8.31856, -3.00486, 3.5534 ], "axis": "z", "angle": -22.5 },
            "faces": {
                "down": { "uv": [ 4, 1, 5, 2 ], "texture": "#texture" },
                "up": { "uv": [ 4, 1, 5, 2 ], "texture": "#texture" },
                "north": { "uv": [ 4, 1, 5, 2 ], "texture": "#texture" },
                "south": { "uv": [ 4, 1, 5, 2 ], "texture": "#texture" },
                "west": { "uv": [ 4, 1, 5, 2 ], "texture": "#texture" },
                "east": { "uv": [ 4, 1, 5, 2 ], "texture": "#texture" }
            }
        },
        {
            "__comment": "Element",
            "from": [ 8.132299, -3.2059, 12.0391 ],
            "to": [ 8.82542, 0.2597003, 13.2391 ],
            "rotation": { "origin": [ 8.132272, -3.205832, 12.03908 ], "axis": "z", "angle": -22.5 },
            "faces": {
                "down": { "uv": [ 7, 1, 8, 2 ], "texture": "#texture" },
                "up": { "uv": [ 7, 1, 8, 2 ], "texture": "#texture" },
                "north": { "uv": [ 7, 1, 8, 2 ], "texture": "#texture" },
                "south": { "uv": [ 7, 1, 8, 2 ], "texture": "#texture" },
                "west": { "uv": [ 7, 1, 8, 2 ], "texture": "#texture" },
                "east": { "uv": [ 7, 1, 8, 2 ], "texture": "#texture" }
            }
        },
        {
            "__comment": "Element",
            "from": [ 7.9094, -2.5952, 3.5534 ],
            "to": [ 8.487, 0.2928002, 12.8672 ],
            "rotation": { "origin": [ 7.90937, -2.59522, 3.5534 ], "axis": "z", "angle": -45 },
            "faces": {
                "down": { "uv": [ 4, 1, 5, 2 ], "texture": "#texture" },
                "up": { "uv": [ 4, 1, 5, 2 ], "texture": "#texture" },
                "north": { "uv": [ 4, 1, 5, 2 ], "texture": "#texture" },
                "south": { "uv": [ 4, 1, 5, 2 ], "texture": "#texture" },
                "west": { "uv": [ 4, 1, 5, 2 ], "texture": "#texture" },
                "east": { "uv": [ 4, 1, 5, 2 ], "texture": "#texture" }
            }
        },
        {
            "__comment": "Element",
            "from": [ 7.6413, -2.7142, 12.0391 ],
            "to": [ 8.33442, 0.7514002, 13.2391 ],
            "rotation": { "origin": [ 7.641244, -2.714265, 12.03908 ], "axis": "z", "angle": -45 },
            "faces": {
                "down": { "uv": [ 7, 1, 8, 2 ], "texture": "#texture" },
                "up": { "uv": [ 7, 1, 8, 2 ], "texture": "#texture" },
                "north": { "uv": [ 7, 1, 8, 2 ], "texture": "#texture" },
                "south": { "uv": [ 7, 1, 8, 2 ], "texture": "#texture" },
                "west": { "uv": [ 7, 1, 8, 2 ], "texture": "#texture" },
                "east": { "uv": [ 7, 1, 8, 2 ], "texture": "#texture" }
            }
        },
        {
            "__comment": "Element",
            "from": [ 7.9107, -2.5979, 3.5534 ],
            "to": [ 10.7987, -2.0203, 12.8672 ],
            "rotation": { "origin": [ 7.91063, -2.59784, 3.5534 ], "axis": "z", "angle": 22.5 },
            "faces": {
                "down": { "uv": [ 4, 1, 5, 2 ], "texture": "#texture" },
                "up": { "uv": [ 4, 1, 5, 2 ], "texture": "#texture" },
                "north": { "uv": [ 4, 1, 5, 2 ], "texture": "#texture" },
                "south": { "uv": [ 4, 1, 5, 2 ], "texture": "#texture" },
                "west": { "uv": [ 4, 1, 5, 2 ], "texture": "#texture" },
                "east": { "uv": [ 4, 1, 5, 2 ], "texture": "#texture" }
            }
        },
        {
            "__comment": "Element",
            "from": [ 7.6428, -2.7175, 12.0391 ],
            "to": [ 11.1084, -2.02438, 13.2391 ],
            "rotation": { "origin": [ 7.642756, -2.717409, 12.03908 ], "axis": "z", "angle": 22.5 },
            "faces": {
                "down": { "uv": [ 7, 1, 8, 2 ], "texture": "#texture" },
                "up": { "uv": [ 7, 1, 8, 2 ], "texture": "#texture" },
                "north": { "uv": [ 7, 1, 8, 2 ], "texture": "#texture" },
                "south": { "uv": [ 7, 1, 8, 2 ], "texture": "#texture" },
                "west": { "uv": [ 7, 1, 8, 2 ], "texture": "#texture" },
                "east": { "uv": [ 7, 1, 8, 2 ], "texture": "#texture" }
            }
        }
    ],
    "display": {
        "thirdperson_righthand": {
            "rotation":  [ 0, 180, 0 ],
            "translation":  [ 0, 4, 0 ],
            "scale":  [ 0.35, 0.35, 0.35 ]
        },
        "thirdperson_lefthand": {
            "rotation":  [ 0, 180, 0 ],
            "translation":  [ 0, 4, 0 ],
            "scale":  [ 0.35, 0.35, 0.35 ]
        },
        "firstperson_righthand": {
            "rotation":  [ -20, -100, 0 ],
            "translation":  [ 0, 5, 0 ],
            "scale":  [ 0.3, 0.3, 0.3 ]
        },
        "firstperson_lefthand": {
            "rotation":  [ -20, -100, 0 ],
            "translation":  [ 0, 5, 0 ],
            "scale":  [ 0.3, 0.3, 0.3 ]
        },
        "gui": {
            "rotation":  [ 30, 40, 0 ],
            "translation":  [ 0, -1, 0 ],
            "scale":  [ 0.35, 0.35, 0.35 ]
        },
        "head": {
            "scale":  [ 0.5, 0.5, 0.5 ]
        },
        "ground": {
            "translation":  [ 0, 5, 0 ],
            "scale":  [ 0.25, 0.25, 0.25 ]
        },
        "fixed": {
            "rotation":  [ 0, 90, 0 ],
            "translation":  [ 0, 0, 1 ]
        }
    }
}
