{
    "textures": {
        "texture": "item/police_baton_3"
    },
    "elements": [
        {
            "__comment": "Element",
            "from": [ 7, 5.5, 16.5 ],
            "to": [ 9, 7.5, 17.5 ],
            "faces": {
                "down": { "uv": [ 1.5, 14.5, 2.5, 15 ], "texture": "#texture" },
                "up": { "uv": [ 0.5, 14.5, 1.5, 15 ], "texture": "#texture" },
                "north": { "uv": [ 0.5, 15, 1.5, 16 ], "texture": "#texture" },
                "south": { "uv": [ 2, 15, 3, 16 ], "texture": "#texture" },
                "west": { "uv": [ 1.5, 15, 2, 16 ], "texture": "#texture" },
                "east": { "uv": [ 0, 15, 0.5, 16 ], "texture": "#texture" }
            }
        },
        {
            "__comment": "Element",
            "from": [ 7.25, 5.75, 9 ],
            "to": [ 8.75, 7.25, 17 ],
            "faces": {
                "down": { "uv": [ 8.5, 0, 9, 4 ], "texture": "#texture" },
                "up": { "uv": [ 8, 0, 8.5, 4 ], "texture": "#texture" },
                "north": { "uv": [ 8, 4, 8.5, 4.5 ], "texture": "#texture" },
                "south": { "uv": [ 12.5, 4, 13, 4.5 ], "texture": "#texture" },
                "west": { "uv": [ 8.5, 4, 12.5, 4.5 ], "texture": "#texture" },
                "east": { "uv": [ 4, 4, 8, 4.5 ], "texture": "#texture" }
            }
        },
        {
            "__comment": "Element",
            "from": [ 6.75, -1, 6.75 ],
            "to": [ 9.25, 0, 9.25 ],
            "faces": {
                "down": { "uv": [ 5.5, 14.5, 6.5, 15.5 ], "texture": "#texture" },
                "up": { "uv": [ 4.5, 14.5, 5.5, 15.5 ], "texture": "#texture" },
                "north": { "uv": [ 4.5, 15.5, 5.5, 16 ], "texture": "#texture" },
                "south": { "uv": [ 6.5, 15.5, 7.5, 16 ], "texture": "#texture" },
                "west": { "uv": [ 5.5, 15.5, 6.5, 16 ], "texture": "#texture" },
                "east": { "uv": [ 3.5, 15.5, 4.5, 16 ], "texture": "#texture" }
            }
        },
        {
            "__comment": "Element",
            "from": [ 7.25, 0, 7.25 ],
            "to": [ 8.75, 6, 8.75 ],
            "faces": {
                "down": { "uv": [ 15, 0, 15.5, 0.5 ], "texture": "#texture" },
                "up": { "uv": [ 14.5, 0, 15, 0.5 ], "texture": "#texture" },
                "north": { "uv": [ 14.5, 0.5, 15, 3.5 ], "texture": "#texture" },
                "south": { "uv": [ 15.5, 0.5, 16, 3.5 ], "texture": "#texture" },
                "west": { "uv": [ 15, 0.5, 15.5, 3.5 ], "texture": "#texture" },
                "east": { "uv": [ 14, 0.5, 14.5, 3.5 ], "texture": "#texture" }
            }
        },
        {
            "__comment": "Element",
            "from": [ 6.5, 5, 6.5 ],
            "to": [ 9.5, 8, 11 ],
            "faces": {
                "down": { "uv": [ 7.5, 5, 9, 7 ], "texture": "#texture" },
                "up": { "uv": [ 6, 5, 7.5, 7 ], "texture": "#texture" },
                "north": { "uv": [ 6, 7, 7.5, 8.5 ], "texture": "#texture" },
                "south": { "uv": [ 9.5, 7, 11, 8.5 ], "texture": "#texture" },
                "west": { "uv": [ 7.5, 7, 9.5, 8.5 ], "texture": "#texture" },
                "east": { "uv": [ 4, 7, 6, 8.5 ], "texture": "#texture" }
            }
        },
        {
            "__comment": "Element",
            "from": [ 7.002, 7.5, 7 ],
            "to": [ 8.999, 9.5, 10.5 ],
            "rotation": { "origin": [ 7, 7.5, 7 ], "axis": "x", "angle": 22.5 },
            "faces": {
                "down": { "uv": [ 10.5, 13.5, 11.5, 15 ], "texture": "#texture" },
                "up": { "uv": [ 9.5, 13.5, 10.5, 15 ], "texture": "#texture" },
                "north": { "uv": [ 9.5, 15, 10.5, 16 ], "texture": "#texture" },
                "south": { "uv": [ 12, 15, 13, 16 ], "texture": "#texture" },
                "west": { "uv": [ 10.5, 15, 12, 16 ], "texture": "#texture" },
                "east": { "uv": [ 8, 15, 9.5, 16 ], "texture": "#texture" }
            }
        },
        {
            "__comment": "Element",
            "from": [ 7, 5, 7 ],
            "to": [ 9, 28, 9 ],
            "faces": {
                "down": { "uv": [ 2, 0, 3, 1 ], "texture": "#texture" },
                "up": { "uv": [ 1, 0, 2, 1 ], "texture": "#texture" },
                "north": { "uv": [ 1, 1, 2, 12.5 ], "texture": "#texture" },
                "south": { "uv": [ 3, 1, 4, 12.5 ], "texture": "#texture" },
                "west": { "uv": [ 2, 1, 3, 12.5 ], "texture": "#texture" },
                "east": { "uv": [ 0, 1, 1, 12.5 ], "texture": "#texture" }
            }
        }
    ],
    "display": {
        "thirdperson_righthand": {
            "rotation":  [ 0, 90, 0 ],
            "translation":  [ 0, 2, 2 ],
            "scale":  [ 0.6, 0.6, 0.6 ]
        },
        "thirdperson_lefthand": {
            "rotation":  [ 0, 90, 0 ],
            "translation":  [ 0, 2, 2 ],
            "scale":  [ 0.6, 0.6, 0.6 ]
        },
        "firstperson_righthand": {
            "rotation":  [ -20, -114, 0 ],
            "translation":  [ 0, 4, 0 ],
            "scale":  [ 0.7, 0.7, 0.7 ]
        },
        "firstperson_lefthand": {
            "rotation":  [ -20, -114, 0 ],
            "translation":  [ 0, 4, 0 ],
            "scale":  [ 0.7, 0.7, 0.7 ]
        },
        "gui": {
            "rotation":  [ 30, 225, 0 ],
            "translation":  [ 0, -2.5, 0 ],
            "scale":  [ 0.525, 0.525, 0.525 ]
        },
        "ground": {
            "translation":  [ 0, 3, 0 ],
            "scale":  [ 0.25, 0.25, 0.25 ]
        },
        "fixed": {
            "rotation":  [ 0, 90, 0 ],
            "translation":  [ 0, -6.5, 1 ]
        }
    }
}
