{
    "parent": "custom/police_shield",
    "textures": {
        "texture": "item/police_shield_1",
        "particle": "item/police_shield_2"
    },
    
    "display": {
        "thirdperson_righthand": {
            "rotation":  [ 0, -180, 0 ],
            "translation":  [ 2.5, -2, 3 ],
            "scale":  [ 0.5, 0.5, 0.5 ]
        },
        "thirdperson_lefthand": {
            "translation":  [ 2.5, -2, 3 ],
            "scale":  [ 0.5, 0.5, 0.5 ]
        },
        "firstperson_righthand": {
            "rotation":  [ 0, -90, 0 ],
            "translation":  [ -4, 2, 0 ],
            "scale":  [ 0.5, 0.5, 0.5 ]
        },
        "firstperson_lefthand": {
            "rotation":  [ 0, 90, 0 ],
            "translation":  [ -4, 2, 0 ],
            "scale":  [ 0.5, 0.5, 0.5 ]
        },
        "gui": {
            "rotation":  [ 30, 40, 0 ],
            "scale":  [ 0.325, 0.325, 0.325 ]
        },
        "head": {
            "scale":  [ 0.6, 0.6, 0.6 ]
        },
        "ground": {
            "translation":  [ 0, 3, 0 ],
            "scale":  [ 0.25, 0.25, 0.25 ]
        },
        "fixed": {
            "rotation":  [ 0, -90, 0 ],
            "translation":  [ 0, 0, -1 ],
            "scale":  [ 1.5, 1.5, 1.5 ]
        }
    }
}
