{
    "textures": {
        "texture": "item/police_shield_1",
        "particle": "item/police_shield_2"
    },
    "elements": [ 	 
        {
            "__comment": "Element",
            "from": [ 7, -13.5, -0.5 ],
            "to": [ 9, -12.5, 16.5 ],
            "faces": {
                "down": { "uv": [ 1, 1, 2, 2 ], "texture": "#texture" },
                "up": { "uv": [ 1, 1, 2, 2 ], "texture": "#texture" },
                "north": { "uv": [ 1, 1, 2, 2 ], "texture": "#texture" },
                "south": { "uv": [ 1, 1, 2, 2 ], "texture": "#texture" },
                "west": { "uv": [ 1, 1, 2, 2 ], "texture": "#texture" },
                "east": { "uv": [ 1, 1, 2, 2 ], "texture": "#texture" }
            }
        },
        {
            "__comment": "Element",
            "from": [ 7, 28.125, -0.5 ],
            "to": [ 9, 29.125, 16.5 ],
            "faces": {
                "down": { "uv": [ 1, 1, 2, 2 ], "texture": "#texture" },
                "up": { "uv": [ 1, 1, 2, 2 ], "texture": "#texture" },
                "north": { "uv": [ 1, 1, 2, 2 ], "texture": "#texture" },
                "south": { "uv": [ 1, 1, 2, 2 ], "texture": "#texture" },
                "west": { "uv": [ 1, 1, 2, 2 ], "texture": "#texture" },
                "east": { "uv": [ 1, 1, 2, 2 ], "texture": "#texture" }
            }
        },
        {
            "__comment": "Element",
            "from": [ 7, -13.5, 16.5 ],
            "to": [ 9, -12.5, 20.5 ],
            "rotation": { "origin": [ 7, -13.5, 16.5 ], "axis": "x", "angle": -45 },
            "faces": {
                "down": { "uv": [ 1, 1, 2, 2 ], "texture": "#texture" },
                "up": { "uv": [ 1, 1, 2, 2 ], "texture": "#texture" },
                "west": { "uv": [ 1, 1, 2, 2 ], "texture": "#texture" },
                "east": { "uv": [ 1, 1, 2, 2 ], "texture": "#texture" }
            }
        },
        {
            "__comment": "Element",
            "from": [ 7, 28.125, 16.5 ],
            "to": [ 9, 29.125, 20.5 ],
            "rotation": { "origin": [ 7, 29.125, 16.5 ], "axis": "x", "angle": 45 },
            "faces": {
                "down": { "uv": [ 1, 1, 2, 2 ], "texture": "#texture" },
                "up": { "uv": [ 1, 1, 2, 2 ], "texture": "#texture" },
                "west": { "uv": [ 1, 1, 2, 2 ], "texture": "#texture" },
                "east": { "uv": [ 1, 1, 2, 2 ], "texture": "#texture" }
            }
        },
        {
            "__comment": "Element",
            "from": [ 7, -10.67, 18.325 ],
            "to": [ 9, 26.3, 19.325 ],
            "faces": {
                "down": { "uv": [ 1, 1, 2, 2 ], "texture": "#texture" },
                "up": { "uv": [ 1, 1, 2, 2 ], "texture": "#texture" },
                "north": { "uv": [ 1, 1, 2, 2 ], "texture": "#texture" },
                "south": { "uv": [ 1, 1, 2, 2 ], "texture": "#texture" },
                "west": { "uv": [ 1, 1, 2, 2 ], "texture": "#texture" },
                "east": { "uv": [ 1, 1, 2, 2 ], "texture": "#texture" }
            }
        },
        {
            "__comment": "Element",
            "from": [ 7, -10.67, -3.325 ],
            "to": [ 9, 26.3, -2.325 ],
            "faces": {
                "down": { "uv": [ 1, 1, 2, 2 ], "texture": "#texture" },
                "up": { "uv": [ 1, 1, 2, 2 ], "texture": "#texture" },
                "north": { "uv": [ 1, 1, 2, 2 ], "texture": "#texture" },
                "south": { "uv": [ 1, 1, 2, 2 ], "texture": "#texture" },
                "west": { "uv": [ 1, 1, 2, 2 ], "texture": "#texture" },
                "east": { "uv": [ 1, 1, 2, 2 ], "texture": "#texture" }
            }
        },
        {
            "__comment": "Element",
            "from": [ 7, -13.5, -4.5 ],
            "to": [ 9, -12.5, -0.5 ],
            "rotation": { "origin": [ 7, -13.5, -0.5 ], "axis": "x", "angle": 45 },
            "faces": {
                "down": { "uv": [ 1, 1, 2, 2 ], "texture": "#texture" },
                "up": { "uv": [ 1, 1, 2, 2 ], "texture": "#texture" },
                "west": { "uv": [ 1, 1, 2, 2 ], "texture": "#texture" },
                "east": { "uv": [ 1, 1, 2, 2 ], "texture": "#texture" }
            }
        },
        {
            "__comment": "Element",
            "from": [ 7, 28.125, -4.5 ],
            "to": [ 9, 29.125, -0.5 ],
            "rotation": { "origin": [ 7, 29.125, -0.5 ], "axis": "x", "angle": -45 },
            "faces": {
                "down": { "uv": [ 1, 1, 2, 2 ], "texture": "#texture" },
                "up": { "uv": [ 1, 1, 2, 2 ], "texture": "#texture" },
                "west": { "uv": [ 1, 1, 2, 2 ], "texture": "#texture" },
                "east": { "uv": [ 1, 1, 2, 2 ], "texture": "#texture" }
            }
        },
        {
            "__comment": "Element",
            "from": [ 7.25, 6, -2.5 ],
            "to": [ 8.75, 14.5, 18.5 ],
            "faces": {
                "down": { "uv": [ 4, 1, 5, 2 ], "texture": "#texture" },
                "up": { "uv": [ 4, 1, 5, 2 ], "texture": "#texture" },
                "north": { "uv": [ 4, 1, 5, 2 ], "texture": "#texture" },
                "south": { "uv": [ 4, 1, 5, 2 ], "texture": "#texture" },
                "west": { "uv": [ 9.999999, 0, 16, 14 ], "texture": "#particle", "rotation": 270 },
                "east": { "uv": [ 4, 1, 5, 2 ], "texture": "#texture" }
            }
        },
        {
            "__comment": "Element",
            "from": [ 8.25, 7, -3 ],
            "to": [ 9.75, 13.5, -2 ],
            "faces": {
                "down": { "uv": [ 4, 4, 5, 5 ], "texture": "#texture" },
                "up": { "uv": [ 4, 4, 5, 5 ], "texture": "#texture" },
                "north": { "uv": [ 4, 4, 5, 5 ], "texture": "#texture" },
                "south": { "uv": [ 4, 4, 5, 5 ], "texture": "#texture" },
                "west": { "uv": [ 4, 4, 5, 5 ], "texture": "#texture" },
                "east": { "uv": [ 4, 4, 5, 5 ], "texture": "#texture" }
            }
        },
        {
            "__comment": "Element",
            "from": [ 9.25, 8, -2.5 ],
            "to": [ 10.25, 9, 18.5 ],
            "faces": {
                "down": { "uv": [ 1, 4, 2, 5 ], "texture": "#texture" },
                "up": { "uv": [ 1, 4, 2, 5 ], "texture": "#texture" },
                "north": { "uv": [ 1, 4, 2, 5 ], "texture": "#texture" },
                "south": { "uv": [ 1, 4, 2, 5 ], "texture": "#texture" },
                "west": { "uv": [ 1, 4, 2, 5 ], "texture": "#texture" },
                "east": { "uv": [ 1, 4, 2, 5 ], "texture": "#texture" }
            }
        },
        {
            "__comment": "Element",
            "from": [ 9.25, 11, -2.5 ],
            "to": [ 10.25, 12, 18.5 ],
            "faces": {
                "down": { "uv": [ 1, 4, 2, 5 ], "texture": "#texture" },
                "up": { "uv": [ 1, 4, 2, 5 ], "texture": "#texture" },
                "north": { "uv": [ 1, 4, 2, 5 ], "texture": "#texture" },
                "south": { "uv": [ 1, 4, 2, 5 ], "texture": "#texture" },
                "west": { "uv": [ 1, 4, 2, 5 ], "texture": "#texture" },
                "east": { "uv": [ 1, 4, 2, 5 ], "texture": "#texture" }
            }
        },
        {
            "__comment": "Element",
            "from": [ 8.25, 7, 18 ],
            "to": [ 9.75, 13.5, 19 ],
            "faces": {
                "down": { "uv": [ 4, 4, 5, 5 ], "texture": "#texture" },
                "up": { "uv": [ 4, 4, 5, 5 ], "texture": "#texture" },
                "north": { "uv": [ 4, 4, 5, 5 ], "texture": "#texture" },
                "south": { "uv": [ 4, 4, 5, 5 ], "texture": "#texture" },
                "west": { "uv": [ 4, 4, 5, 5 ], "texture": "#texture" },
                "east": { "uv": [ 4, 4, 5, 5 ], "texture": "#texture" }
            }
        },
        {
            "__comment": "PlaneX14",
            "from": [ 8, -13, -2.5 ],
            "to": [ 8.001, 28.5, 19 ],
            "faces": {
                "west": { "uv": [ 0, 0, 7, 14 ], "texture": "#particle" },
                "east": { "uv": [ 0, 0, 7, 14 ], "texture": "#particle" }
            }
        }
    ],
    "display": {
        "thirdperson_righthand": {
            "rotation":  [ 0, -180, 0 ],
            "translation":  [ 2.5, -2, 3 ],
            "scale":  [ 0.5, 0.5, 0.5 ]
        },
        "thirdperson_lefthand": {
            "translation":  [ 2.5, -2, 3 ],
            "scale":  [ 0.5, 0.5, 0.5 ]
        },
        "firstperson_righthand": {
            "rotation":  [ 0, -90, 0 ],
            "translation":  [ 0, -6, 0 ],
            "scale":  [ 0.5, 0.5, 0.5 ]
        },
        "firstperson_lefthand": {
            "rotation":  [ 0, -90, 0 ],
            "translation":  [ 0, -6, 0 ],
            "scale":  [ 0.5, 0.5, 0.5 ]
        },
        "gui": {
            "rotation":  [ 30, 129, 0 ],
            "scale":  [ 0.325, 0.325, 0.325 ]
        },
        "head": {
            "scale":  [ 0.6, 0.6, 0.6 ]
        },
        "ground": {
            "translation":  [ 0, 3, 0 ],
            "scale":  [ 0.25, 0.25, 0.25 ]
        },
        "fixed": {
            "rotation":  [ 0, -90, 0 ],
            "translation":  [ 0, 0, -1 ],
            "scale":  [ 1.5, 1.5, 1.5 ]
        }
    }
}
