{
    "parent": "custom/laser_gun",
    "textures": {
        "2": "item/red_laser_gun"
    },
    "display": {
        "thirdperson_righthand": {
            "rotation":  [ 0, 180, 0 ],
            "translation":  [ 0, 0, -4 ],
            "scale":  [ 0.5, 0.5, 0.5 ]
        },
        "thirdperson_lefthand": {
            "rotation":  [ 0, 180, 0 ],
            "translation":  [ 0, 0, -4 ],
            "scale":  [ 0.5, 0.5, 0.5 ]
        },
        "firstperson_righthand": {
            "rotation":  [ 0, 171, 0 ],
            "translation":  [ 2, 0, -5 ],
            "scale":  [ 0.7, 0.7, 0.7 ]
        },
        "firstperson_lefthand": {
            "rotation":  [ 0, 169, 0 ],
            "translation":  [ 2, 0, -5 ],
            "scale":  [ 0.7, 0.7, 0.7 ]
        },
        "gui": {
            "rotation":  [ 30, 45, 0 ],
            "translation":  [ 0.25, -1, 0 ],
            "scale":  [ 0.425, 0.425, 0.425 ]
        },
        "ground": {
            "translation":  [ 0, 2, 0 ],
            "scale":  [ 0.4, 0.4, 0.4 ]
        },
        "fixed": {
            "rotation":  [ 0, -90, 0 ],
            "translation":  [ 0, 0, -4 ],
            "scale":  [ 1.5, 1.5, 1.5 ]
        }
    }
}
